<?xml version="1.0" encoding="utf-8"?>
<!--Created using XmlSitemapGenerator.org - Free HTML, RSS and XML sitemap generator-->
<rss version="2.0">
  <channel>
    <title>SmartHubb | Discover what your home has been missing with...</title>
    <link>http://www.smarthubb.com</link>
    <description />
    <item>
      <guid>http://www.smarthubb.com/</guid>
      <title>SmartHubb | Discover what your home has been missing with...</title>
      <link>http://www.smarthubb.com/</link>
      <description>Discover what your home has been missing with...</description>
      <pubDate>Mon, 26 Nov 2018 11:43:00 Z</pubDate>
    </item>
    <item>
      <guid>http://www.smarthubb.com/bruno/</guid>
      <title>Bruno | Discover what your home has been missing with...</title>
      <link>http://www.smarthubb.com/bruno/</link>
      <description>Discover what your home has been missing with...</description>
      <pubDate>Mon, 26 Nov 2018 11:43:00 Z</pubDate>
    </item>
    <item>
      <guid>http://www.smarthubb.com/search/</guid>
      <title>search | Discover what your home has been missing with...</title>
      <link>http://www.smarthubb.com/search/</link>
      <description>Discover what your home has been missing with...</description>
      <pubDate>Mon, 26 Nov 2018 11:43:00 Z</pubDate>
    </item>
    <item>
      <guid>http://www.smarthubb.com/category/editor/</guid>
      <title>EDITOR'S CHOICE | Discover what your home has been missing with...</title>
      <link>http://www.smarthubb.com/category/editor/</link>
      <description>Discover what your home has been missing with...</description>
      <pubDate>Mon, 26 Nov 2018 11:43:00 Z</pubDate>
    </item>
    <item>
      <guid>http://www.smarthubb.com/kuna/</guid>
      <title>Kuna | Discover what your home has been missing with...</title>
      <link>http://www.smarthubb.com/kuna/</link>
      <description>Discover what your home has been missing with...</description>
      <pubDate>Mon, 26 Nov 2018 11:43:00 Z</pubDate>
    </item>
    <item>
      <guid>http://www.smarthubb.com/philips-hue-white-led-starter-kit/</guid>
      <title>Philips Hue White LED Starter Kit | Discover what your home has been missing with...</title>
      <link>http://www.smarthubb.com/philips-hue-white-led-starter-kit/</link>
      <description>Discover what your home has been missing with...</description>
      <pubDate>Mon, 26 Nov 2018 11:43:00 Z</pubDate>
    </item>
    <item>
      <guid>http://www.smarthubb.com/bragi-dash/</guid>
      <title>Bragi Dash | Discover what your home has been missing with...</title>
      <link>http://www.smarthubb.com/bragi-dash/</link>
      <description>Discover what your home has been missing with...</description>
      <pubDate>Mon, 26 Nov 2018 11:43:00 Z</pubDate>
    </item>
    <item>
      <guid>http://www.smarthubb.com/serena-shades/</guid>
      <title>Serena Shades | Discover what your home has been missing with...</title>
      <link>http://www.smarthubb.com/serena-shades/</link>
      <description>Discover what your home has been missing with...</description>
      <pubDate>Mon, 26 Nov 2018 11:43:00 Z</pubDate>
    </item>
    <item>
      <guid>http://www.smarthubb.com/nest/</guid>
      <title>Nest 3.0</title>
      <link>http://www.smarthubb.com/nest/</link>
      <description>Nest came along with an interactive way to control your home&amp;#039;s temperature. Nest is a thermostat that learns from its users preferences of temperature.</description>
      <pubDate>Mon, 26 Nov 2018 11:43:00 Z</pubDate>
    </item>
    <item>
      <guid>http://www.smarthubb.com/drop/</guid>
      <title>Drop | Discover what your home has been missing with...</title>
      <link>http://www.smarthubb.com/drop/</link>
      <description>Discover what your home has been missing with...</description>
      <pubDate>Mon, 26 Nov 2018 11:43:00 Z</pubDate>
    </item>
    <item>
      <guid>http://www.smarthubb.com/</guid>
      <title>SmartHubb | Discover what your home has been missing with...</title>
      <link>http://www.smarthubb.com/</link>
      <description>Discover what your home has been missing with...</description>
      <pubDate>Mon, 26 Nov 2018 11:43:00 Z</pubDate>
    </item>
    <item>
      <guid>http://www.smarthubb.com/about-us/</guid>
      <title>ABOUT US</title>
      <link>http://www.smarthubb.com/about-us/</link>
      <description>Discover what your home has been missing with...</description>
      <pubDate>Mon, 26 Nov 2018 11:43:00 Z</pubDate>
    </item>
    <item>
      <guid>http://www.smarthubb.com/meld/</guid>
      <title>Meld</title>
      <link>http://www.smarthubb.com/meld/</link>
      <description>Culinary helping hand</description>
      <pubDate>Mon, 26 Nov 2018 11:43:00 Z</pubDate>
    </item>
    <item>
      <guid>http://www.smarthubb.com/contact/</guid>
      <title>CONTACT US</title>
      <link>http://www.smarthubb.com/contact/</link>
      <description>Discover what your home has been missing with...</description>
      <pubDate>Mon, 26 Nov 2018 11:43:00 Z</pubDate>
    </item>
    <item>
      <guid>http://www.smarthubb.com/advertise/</guid>
      <title>ADVERTISE</title>
      <link>http://www.smarthubb.com/advertise/</link>
      <description>Discover what your home has been missing with...</description>
      <pubDate>Mon, 26 Nov 2018 11:43:00 Z</pubDate>
    </item>
    <item>
      <guid>http://www.smarthubb.com/terms/</guid>
      <title>TERMS</title>
      <link>http://www.smarthubb.com/terms/</link>
      <description>Discover what your home has been missing with...</description>
      <pubDate>Mon, 26 Nov 2018 11:43:00 Z</pubDate>
    </item>
    <item>
      <guid>http://www.smarthubb.com/privacy/</guid>
      <title>PRIVACY</title>
      <link>http://www.smarthubb.com/privacy/</link>
      <description>Discover what your home has been missing with...</description>
      <pubDate>Mon, 26 Nov 2018 11:43:00 Z</pubDate>
    </item>
    <item>
      <guid>http://www.smarthubb.com/ola/</guid>
      <title>Ola</title>
      <link>http://www.smarthubb.com/ola/</link>
      <description>Keyless entry for your home.</description>
      <pubDate>Mon, 26 Nov 2018 11:43:00 Z</pubDate>
    </item>
    <item>
      <guid>http://www.smarthubb.com/miito/</guid>
      <title>MIITO</title>
      <link>http://www.smarthubb.com/miito/</link>
      <description>An elegant way to heat and reheat your beverage.</description>
      <pubDate>Mon, 26 Nov 2018 11:43:00 Z</pubDate>
    </item>
    <item>
      <guid>http://www.smarthubb.com/neeo/</guid>
      <title>Neeo</title>
      <link>http://www.smarthubb.com/neeo/</link>
      <description>Access all the technology in your home with just one remote.</description>
      <pubDate>Mon, 26 Nov 2018 11:43:00 Z</pubDate>
    </item>
  </channel>
</rss>
<!--<guid value="e92c799d-ad20-46c8-a6bd-e438ff502e2a" />-->
<!--Created using XmlSitemapGenerator.org - Free HTML, RSS and XML sitemap generator-->